S:ASN17	1	605 / 627
S:THR19	1	600 / 627
S:SER112	1	601 / 627
S:VAL120	1	576 / 627
S:VAL127	1	607 / 627
S:TRP152	1	615 / 627
S:PHE157	1	609 / 627
S:TYR160	1	506 / 627
S:ASN164	1	603 / 627
S:ASN165	1	557 / 627
S:ASN282	1	610 / 627
S:GLU309	1	507 / 627
S:LEU335	1	604 / 627
S:GLY339	1	558 / 627
S:ASN343	1	611 / 627
S:THR345	1	508 / 627
S:TYR351	1	605 / 627
S:VAL367	1	559 / 627
S:SER371	1	612 / 627
S:SER373	1	509 / 627
S:PHE374	1	606 / 627
S:TRP436	1	560 / 627
S:LEU452	1	613 / 627
S:PRO479	1	510 / 627
S:CYS480	1	607 / 627
S:ASN481	1	561 / 627
S:CYS488	1	614 / 627
S:LEU492	1	511 / 627
S:LYS558	1	608 / 627
S:ASN603	1	562 / 627
S:THR604	1	615 / 627
S:VAL620	1	512 / 627
S:THR719	1	609 / 627
S:GLN926	1	563 / 627
S:ASN1074	1	616 / 627
S:THR1076	1	513 / 627
S:PHE1103	1	610 / 627
S:PRO1112	1	564 / 627
