N:D3L	0.9828885589515172	1149900 / 1169919
N:R203K	0.9801088793326718	1146648 / 1169919
ORF1A:T1001I	0.9971596324189965	1166596 / 1169919
S:D614G	0.9965758313182366	1165913 / 1169919
S:A570D	0.9954706265989355	1164620 / 1169919
S:D1118H	0.995147527307446	1164242 / 1169919
ORF8:S84L	0.9951406892272029	1164234 / 1169919
ORF1A:A1708D	0.9935713498113972	1162398 / 1169919
ORF1B:P314L	0.9934320239264428	1162235 / 1169919
S:P681H	0.9933533860036464	1162143 / 1169919
ORF8:Y73C	0.9924618712919442	1161100 / 1169919
S:T716I	0.9903018926951354	1158573 / 1169919
S:S982A	0.9902198357322174	1158477 / 1169919
ORF8:Q27STOP	0.9899634077230988	1158177 / 1169919
N:S235F	0.9890710382513661	1157133 / 1169919
ORF8:R52I	0.9872751874275056	1155032 / 1169919
S:N501Y	0.9774368994776561	1143522 / 1169919
ORF1A:I2230T	0.9741751352016678	1139706 / 1169919
ORF1A:DEL3675-3677	0.9663233095624569	1130520 / 1169919
S:DEL69-70	0.9658976390673201	1130022 / 1169919
S:DEL144-144	0.9492725564761321	1110572 / 1169919
N:G204R	0.9111639352809895	1065988 / 1169919
