S:E156G	0.9368665540540541	4437 / 4736
ORF8:F86S	0.9275760135135135	4393 / 4736
ORF1A:T3255I	0.997043918918919	4722 / 4736
S:D614G	0.9983108108108109	4728 / 4736
M:I82T	0.9978885135135135	4726 / 4736
N:R203M	0.997043918918919	4722 / 4736
ORF1B:P1000L	0.997043918918919	4722 / 4736
S:P681R	0.9968327702702703	4721 / 4736
ORF1A:A1306S	0.995777027027027	4716 / 4736
ORF8:S84L	0.9959881756756757	4717 / 4736
ORF1B:P314L	0.995777027027027	4716 / 4736
S:T19R	0.9955658783783784	4715 / 4736
ORF1A:T3646A	0.9949324324324325	4712 / 4736
ORF3A:S26L	0.9932432432432432	4704 / 4736
ORF1A:A2529V	0.9928209459459459	4702 / 4736
N:G215C	0.9919763513513513	4698 / 4736
N:D377Y	0.9915540540540541	4696 / 4736
ORF1B:A1918V	0.9894425675675675	4686 / 4736
ORF1B:G662S	0.9826858108108109	4654 / 4736
N:D63G	0.9799408783783784	4641 / 4736
ORF1A:P2287S	0.9763513513513513	4624 / 4736
S:L452R	0.9759290540540541	4622 / 4736
S:T478K	0.9757179054054054	4621 / 4736
S:D950N	0.96875	4588 / 4736
ORF8:DEL119-120	0.9681165540540541	4585 / 4736
ORF1A:V2930L	0.9615709459459459	4554 / 4736
ORF1A:P2046L	0.9463682432432432	4482 / 4736
S:DEL157-158	0.9377111486486487	4441 / 4736
ORF8:DEL87-87	0.9296875	4403 / 4736
S:T95I	0.8997043918918919	4261 / 4736
