N:A208G	0.9426479560707749	7725 / 8195
N:R203K	0.9572910311165345	7845 / 8195
ORF7B:STOP44Y	0.925320317266626	7583 / 8195
S:D614G	0.9952410006101281	8156 / 8195
M:I82T	0.9945088468578401	8150 / 8195
ORF1B:P314L	0.9938987187309335	8145 / 8195
S:P681H	0.9935326418547895	8142 / 8195
ORF1A:A3209V	0.9930445393532642	8138 / 8195
ORF1A:T2936I	0.9907260524710189	8119 / 8195
ORF8:E106STOP	0.9858450274557657	8079 / 8195
S:T95I	0.9824283099450885	8051 / 8195
ORF8:S84L	0.9757169005491153	7996 / 8195
ORF1A:K2511N	0.9760829774252593	7999 / 8195
S:D796H	0.9757169005491153	7996 / 8195
S:E484K	0.9730323367907261	7974 / 8195
ORF1B:V2371M	0.9624161073825503	7887 / 8195
ORF1A:DEL3675-3677	0.9602196461256864	7869 / 8195
N:G204R	0.959365466748017	7862 / 8195
N:DEL209-209	0.9432580841976815	7730 / 8195
S:DEL144-144	0.8841976815131177	7246 / 8195
ORF1A:T3284I	0.8813910921293472	7223 / 8195
ORF1A:E1196V	0.8219646125686394	6736 / 8195
