S:L24S	0.9598599766627771	4113 / 4285
N:R203K	0.9915985997666278	4249 / 4285
ORF1A:P3395H	0.9978996499416569	4276 / 4285
ORF1A:G1307S	0.9978996499416569	4276 / 4285
ORF3A:T223I	0.9976662777129521	4275 / 4285
S:D614G	0.9974329054842473	4274 / 4285
ORF1B:P314L	0.9969661610268378	4272 / 4285
S:H655Y	0.9969661610268378	4272 / 4285
S:N679K	0.9969661610268378	4272 / 4285
E:T9I	0.996732788798133	4271 / 4285
S:P681H	0.9964994165694282	4270 / 4285
ORF1B:R1315C	0.9960326721120186	4268 / 4285
S:N969K	0.9960326721120186	4268 / 4285
N:P13L	0.9922987164527421	4252 / 4285
ORF1A:T3255I	0.9936989498249709	4258 / 4285
S:Q954H	0.9927654609101517	4254 / 4285
S:V213G	0.9920653442240374	4251 / 4285
N:G204R	0.9911318553092182	4247 / 4285
ORF1A:S135R	0.9911318553092182	4247 / 4285
ORF1A:T842I	0.988098016336056	4234 / 4285
S:D796Y	0.9864644107351225	4227 / 4285
S:G142D	0.9852975495915987	4222 / 4285
ORF8:S84L	0.9838973162193699	4216 / 4285
M:A63T	0.9836639439906651	4215 / 4285
S:G339D	0.9834305717619604	4214 / 4285
ORF1A:T3090I	0.9789964994165694	4195 / 4285
S:S373P	0.9787631271878646	4194 / 4285
ORF1A:L3027F	0.9780630105017503	4191 / 4285
ORF1B:I1566V	0.9773628938156359	4188 / 4285
ORF1A:DEL3675-3677	0.9764294049008168	4184 / 4285
S:S375F	0.9754959159859977	4180 / 4285
N:S413R	0.9750291715285881	4178 / 4285
S:S371F	0.9722287047841307	4166 / 4285
N:DEL31-33	0.9705950991831972	4159 / 4285
S:D405N	0.9698949824970828	4156 / 4285
S:DEL69-70	0.9666277712952158	4142 / 4285
S:N764K	0.966394399066511	4141 / 4285
S:T376A	0.9635939323220537	4129 / 4285
S:E484A	0.9617269544924154	4121 / 4285
ORF1B:T2163I	0.9614935822637106	4120 / 4285
S:DEL25-27	0.9614935822637106	4120 / 4285
S:T478K	0.9598599766627771	4113 / 4285
S:S477N	0.9591598599766628	4110 / 4285
M:Q19E	0.957759626604434	4104 / 4285
S:T19I	0.9570595099183197	4101 / 4285
S:N501Y	0.9554259043173863	4094 / 4285
S:F486V	0.9528588098016336	4083 / 4285
S:Y505H	0.9519253208868145	4079 / 4285
M:D3N	0.9519253208868145	4079 / 4285
S:Q498R	0.9509918319719953	4075 / 4285
S:K417N	0.9456242707117853	4052 / 4285
ORF7B:H42Y	0.9409568261376896	4032 / 4285
S:L452R	0.9386231038506417	4022 / 4285
ORF10:L37F	0.9005834305717619	3859 / 4285
S:R408S	0.8933488914819137	3828 / 4285
S:N440K	0.8891481913652275	3810 / 4285
