S:L24S	0.9826956320282287	55142 / 56113
N:R203K	0.9848698162636109	55264 / 56113
M:Q19E	0.9735890078947838	54631 / 56113
ORF1A:P3395H	0.9988238019710227	56047 / 56113
S:S373P	0.9995901128080837	56090 / 56113
ORF1A:G1307S	0.9996079339903409	56091 / 56113
S:S375F	0.9994119009855114	56080 / 56113
ORF3A:T223I	0.9993762586209969	56078 / 56113
ORF1B:R1315C	0.9991445832516529	56065 / 56113
S:D405N	0.9989485502468234	56054 / 56113
ORF1B:T2163I	0.9988059807887655	56046 / 56113
S:T376A	0.9984139147791065	56024 / 56113
S:H655Y	0.9981644182275052	56010 / 56113
ORF1B:P314L	0.9975584980307594	55976 / 56113
S:D614G	0.9977367098533316	55986 / 56113
ORF1A:T3255I	0.996221909361467	55901 / 56113
S:N679K	0.996453584730811	55914 / 56113
S:N969K	0.9962040881792098	55900 / 56113
ORF1A:T3090I	0.9960793399034092	55893 / 56113
S:Q954H	0.9957763798050363	55876 / 56113
S:F486V	0.9956872738937501	55871 / 56113
S:E484A	0.9951526384260332	55841 / 56113
S:S371F	0.9947071088696025	55816 / 56113
S:V213G	0.994831857145403	55823 / 56113
S:T478K	0.9944754335002584	55803 / 56113
S:S477N	0.9941011886728566	55782 / 56113
ORF1A:S135R	0.9942794004954288	55792 / 56113
E:T9I	0.9942259369486571	55789 / 56113
M:A63T	0.9940655463083421	55780 / 56113
ORF1A:T842I	0.9940120827615704	55777 / 56113
S:G339D	0.9928715270971076	55713 / 56113
S:P681H	0.9904478463101242	55577 / 56113
S:D796Y	0.989503323650491	55524 / 56113
S:N501Y	0.9887904763602018	55484 / 56113
ORF1A:L3027F	0.9885231586263433	55469 / 56113
N:S413R	0.9880063443408835	55440 / 56113
ORF1A:DEL3675-3677	0.9876677418779962	55421 / 56113
N:G204R	0.986028193110331	55329 / 56113
S:Q498R	0.9853866305490706	55293 / 56113
S:Y505H	0.9846916044410386	55254 / 56113
S:DEL25-27	0.9838896512394633	55209 / 56113
ORF1B:I1566V	0.982250102471798	55117 / 56113
S:G142D	0.980788765526705	55035 / 56113
N:P13L	0.976618608878513	54801 / 56113
S:DEL69-70	0.9794165344928982	54958 / 56113
S:L452R	0.9785789389268084	54911 / 56113
S:T19I	0.9783472635574644	54898 / 56113
ORF8:S84L	0.9632883645501042	54053 / 56113
S:N764K	0.9554648655391799	53614 / 56113
S:R408S	0.9522035891861066	53431 / 56113
N:DEL31-33	0.9326715734321815	52335 / 56113
S:K417N	0.9244025448648263	51871 / 56113
S:N440K	0.9123019621121665	51192 / 56113
M:D3N	0.8606561759307112	48294 / 56113
