S:L24S	0.9499301815280271	4762 / 5013
N:R203K	0.9856373429084381	4941 / 5013
ORF1A:P3395H	0.9988031119090365	5007 / 5013
S:D614G	0.9988031119090365	5007 / 5013
S:H655Y	0.9988031119090365	5007 / 5013
S:N679K	0.9986036305605426	5006 / 5013
ORF1B:P314L	0.9982046678635548	5004 / 5013
ORF1B:R1315C	0.9980051865150609	5003 / 5013
ORF3A:T223I	0.9980051865150609	5003 / 5013
S:P681H	0.997406742469579	5000 / 5013
ORF1A:G1307S	0.9970077797725913	4998 / 5013
S:N969K	0.9966088170756034	4996 / 5013
S:P1162L	0.9960103730301216	4993 / 5013
ORF1B:V1271L	0.9964093357271095	4995 / 5013
S:Q954H	0.9954119289846399	4990 / 5013
E:T9I	0.9946140035906643	4986 / 5013
ORF1A:T842I	0.9942150408936764	4984 / 5013
N:P13L	0.9936165968481947	4981 / 5013
M:A63T	0.9920207460602434	4973 / 5013
ORF1A:T3255I	0.9910233393177738	4968 / 5013
S:V213G	0.9916217833632556	4971 / 5013
ORF1B:T2376I	0.9914223020147617	4970 / 5013
S:D796Y	0.990424895272292	4965 / 5013
N:S413R	0.9890285258328346	4958 / 5013
ORF1A:S135R	0.9872331936963894	4949 / 5013
N:G204R	0.9870337123478955	4948 / 5013
S:G142D	0.9864352683024137	4945 / 5013
ORF8:S84L	0.985836824256932	4942 / 5013
ORF1A:L3027F	0.9838420107719928	4932 / 5013
ORF1A:T3090I	0.9824456413325354	4925 / 5013
S:G339D	0.9772591262716936	4899 / 5013
S:E484A	0.9768601635747057	4897 / 5013
S:T478K	0.9768601635747057	4897 / 5013
S:S477N	0.9754637941352483	4890 / 5013
S:S373P	0.9752643127867544	4889 / 5013
S:S375F	0.9742669060442849	4884 / 5013
S:T19I	0.9710752044683822	4868 / 5013
S:N764K	0.9700777977259126	4863 / 5013
N:DEL31-33	0.9698783163774187	4862 / 5013
ORF1A:M2096L	0.9692798723319369	4859 / 5013
ORF1B:I1566V	0.969080390983443	4858 / 5013
ORF1A:DEL3675-3677	0.9676840215439856	4851 / 5013
S:Y505H	0.9676840215439856	4851 / 5013
S:D405N	0.9648912826650708	4837 / 5013
S:S371F	0.9593058049072412	4809 / 5013
S:L452R	0.9575104727707959	4800 / 5013
S:DEL69-70	0.9567125473768203	4796 / 5013
S:F486V	0.9567125473768203	4796 / 5013
S:N501Y	0.9545182525433872	4785 / 5013
M:Q19E	0.9531218831039298	4778 / 5013
S:DEL25-27	0.9519249950129662	4772 / 5013
S:K417N	0.9513265509674845	4769 / 5013
S:Q498R	0.9505286255735089	4765 / 5013
S:T376A	0.947935368043088	4752 / 5013
S:N440K	0.9257929383602633	4641 / 5013
ORF1B:T2163I	0.921803311390385	4621 / 5013
S:R408S	0.9108318372232196	4566 / 5013
M:D3N	0.9070416916018352	4547 / 5013
