S:L24S	0.967249720878303	5198 / 5374
N:R203K	0.9250093040565687	4971 / 5374
ORF1B:R1315C	0.9986974320803871	5367 / 5374
ORF1B:P314L	0.997953107554894	5363 / 5374
ORF3A:T223I	0.9985113509490138	5366 / 5374
S:H655Y	0.9977670264235207	5362 / 5374
S:D614G	0.9975809452921474	5361 / 5374
S:N969K	0.9975809452921474	5361 / 5374
ORF1A:G1307S	0.997394864160774	5360 / 5374
ORF1A:T3255I	0.997394864160774	5360 / 5374
S:Q954H	0.9962783773725344	5354 / 5374
S:N679K	0.9959062151097878	5352 / 5374
ORF1A:P3395H	0.9955340528470413	5350 / 5374
ORF1B:M1156I	0.9946036471901749	5345 / 5374
M:A63T	0.9944175660588016	5344 / 5374
ORF1A:L3829F	0.993301079270562	5338 / 5374
ORF1A:S135R	0.9929289170078154	5336 / 5374
N:P13L	0.9925567547450689	5334 / 5374
ORF1A:T842I	0.9921845924823223	5332 / 5374
S:V213G	0.9910681056940827	5326 / 5374
S:D796Y	0.9908820245627094	5325 / 5374
E:T9I	0.9897655377744696	5319 / 5374
ORF1B:I1566V	0.9867882396724972	5303 / 5374
N:S413R	0.9856717528842576	5297 / 5374
ORF1A:T3090I	0.9854856717528843	5296 / 5374
ORF1A:L3027F	0.9851135094901377	5294 / 5374
S:S373P	0.9843691849646445	5290 / 5374
S:D405N	0.9838109415705247	5287 / 5374
S:G339D	0.9838109415705247	5287 / 5374
S:P681H	0.9836248604391514	5286 / 5374
S:S375F	0.9828805359136583	5282 / 5374
ORF1A:Q556K	0.9791589132861928	5262 / 5374
N:DEL31-33	0.9789728321548195	5261 / 5374
ORF1A:DEL3675-3677	0.9789728321548195	5261 / 5374
S:T376A	0.9717156680312616	5222 / 5374
S:DEL25-27	0.9715295868998883	5221 / 5374
ORF8:S84L	0.9707852623743952	5217 / 5374
ORF1B:T2163I	0.9700409378489021	5213 / 5374
S:T19I	0.9698548567175288	5212 / 5374
S:G142D	0.9694826944547823	5210 / 5374
S:DEL69-70	0.9666914774841832	5195 / 5374
S:S371F	0.9614812058057313	5167 / 5374
S:N764K	0.9449199851135095	5078 / 5374
M:Q19E	0.9415705247487904	5060 / 5374
S:T478K	0.9359880908075922	5030 / 5374
S:S477N	0.9354298474134722	5027 / 5374
S:E484A	0.9337551172311128	5018 / 5374
S:L452R	0.9337551172311128	5018 / 5374
N:G204R	0.9268701153703015	4981 / 5374
S:Y505H	0.9263118719761816	4978 / 5374
S:F486V	0.9248232229251954	4970 / 5374
S:R408S	0.922590249348716	4958 / 5374
N:E136D	0.9203572757722367	4946 / 5374
S:N501Y	0.9184964644585039	4936 / 5374
S:K417N	0.9129140305173056	4906 / 5374
S:Q498R	0.9116114625976925	4899 / 5374
S:N440K	0.8600669892072944	4622 / 5374
M:D3N	0.8468552288797916	4551 / 5374
