N:T205I	0.9708130969256152	41777 / 43033
S:D614G	0.9919131829061418	42685 / 43033
ORF8:S84L	0.9904724281365463	42623 / 43033
ORF1A:T265I	0.984081983593986	42348 / 43033
ORF1A:K3353R	0.9840355076336765	42346 / 43033
S:D80A	0.9820370413403667	42260 / 43033
E:P71L	0.9781795366346757	42094 / 43033
S:A701V	0.9754142169962586	41975 / 43033
ORF3A:Q57H	0.9731368949410917	41877 / 43033
S:D215G	0.9559175516464109	41136 / 43033
S:K417N	0.9419747635535519	40536 / 43033
ORF1A:K1655N	0.9383961146097182	40382 / 43033
ORF1A:DEL3675-3677	0.928427021123324	39953 / 43033
ORF3A:S171L	0.922780191945716	39710 / 43033
ORF1B:P314L	0.919131829061418	39553 / 43033
S:DEL241-243	0.8910835870146167	38346 / 43033
S:N501Y	0.8742360514024121	37621 / 43033
S:E484K	0.8682871284827923	37365 / 43033
