S:L24S	0.9728958630527818	4774 / 4907
N:R203K	0.967393519461993	4747 / 4907
ORF1A:P3395H	0.9993886284899124	4904 / 4907
ORF1B:R1315C	0.9989810474831873	4902 / 4907
S:D614G	0.9977583044630121	4896 / 4907
S:N969K	0.9975545139596494	4895 / 4907
S:N679K	0.9971469329529244	4893 / 4907
E:T9I	0.9969431424495618	4892 / 4907
S:H655Y	0.9969431424495618	4892 / 4907
S:Q954H	0.9959241899327491	4887 / 4907
ORF1B:P314L	0.9957203994293866	4886 / 4907
S:P681H	0.995516608926024	4885 / 4907
N:P13L	0.9949052374159364	4882 / 4907
ORF1A:G1307S	0.995109027919299	4883 / 4907
ORF3A:T223I	0.995109027919299	4883 / 4907
ORF1A:T3255I	0.9944976564092113	4880 / 4907
S:V213G	0.9940900754024863	4878 / 4907
ORF1A:T842I	0.9920521703688608	4868 / 4907
ORF1A:S135R	0.9912370083554106	4864 / 4907
S:G142D	0.9896066843285103	4856 / 4907
ORF8:S84L	0.9859384552679845	4838 / 4907
M:A63T	0.9851232932545343	4834 / 4907
S:D796Y	0.9849195027511718	4833 / 4907
ORF1A:DEL3675-3677	0.9830853882209089	4824 / 4907
ORF1A:T3090I	0.9822702262074587	4820 / 4907
ORF1A:L3027F	0.9802323211738333	4810 / 4907
S:DEL69-70	0.9775830446301202	4797 / 4907
S:N501Y	0.9769716731200326	4794 / 4907
S:D405N	0.9751375585897697	4785 / 4907
S:T19I	0.9749337680864072	4784 / 4907
ORF1B:I1566V	0.9747299775830446	4783 / 4907
S:N764K	0.9747299775830446	4783 / 4907
S:G339D	0.9743223965763196	4781 / 4907
S:DEL25-27	0.9737110250662319	4778 / 4907
S:S373P	0.9735072345628694	4777 / 4907
S:E484A	0.9712655390258814	4766 / 4907
S:T478K	0.9712655390258814	4766 / 4907
N:G204R	0.9710617485225188	4765 / 4907
S:S371F	0.9710617485225188	4765 / 4907
S:S477N	0.9698390055023436	4759 / 4907
M:Q19E	0.9708579580191563	4764 / 4907
S:Q498R	0.9708579580191563	4764 / 4907
S:S375F	0.9704503770124312	4762 / 4907
S:F486V	0.9700427960057061	4760 / 4907
S:T376A	0.9688200529855309	4754 / 4907
S:Y505H	0.9678011004687181	4749 / 4907
N:T362K	0.9590381088241288	4706 / 4907
N:S413R	0.9586305278174037	4704 / 4907
ORF1B:T2163I	0.9555736702669656	4689 / 4907
M:D3N	0.9551660892602405	4687 / 4907
S:L452R	0.9502751171795394	4663 / 4907
S:R408S	0.948644793152639	4655 / 4907
S:K417N	0.9457917261055635	4641 / 4907
N:DEL31-33	0.9429386590584878	4627 / 4907
S:N440K	0.9180762176482576	4505 / 4907
