ORF6:D61L	0.9881329113924051	1249 / 1264
S:L24S	0.8908227848101266	1126 / 1264
N:R203K	0.9889240506329114	1250 / 1264
S:G339H	0.8852848101265823	1119 / 1264
S:S477N	0.9050632911392406	1144 / 1264
ORF3A:T223I	0.9984177215189873	1262 / 1264
ORF1A:P3395H	0.9968354430379747	1260 / 1264
S:D614G	0.997626582278481	1261 / 1264
N:P13L	0.9960443037974683	1259 / 1264
ORF1A:G1307S	0.9968354430379747	1260 / 1264
ORF1B:R1315C	0.9968354430379747	1260 / 1264
S:H655Y	0.9968354430379747	1260 / 1264
S:P681H	0.9968354430379747	1260 / 1264
S:D574V	0.9960443037974683	1259 / 1264
S:N679K	0.9960443037974683	1259 / 1264
E:T9I	0.995253164556962	1258 / 1264
ORF1A:N4060S	0.9944620253164557	1257 / 1264
ORF1B:P314L	0.9944620253164557	1257 / 1264
ORF1A:T3255I	0.9936708860759493	1256 / 1264
ORF1A:S135R	0.9920886075949367	1254 / 1264
ORF8:S84L	0.9920886075949367	1254 / 1264
S:Q954H	0.9912974683544303	1253 / 1264
ORF1A:T842I	0.990506329113924	1252 / 1264
S:N969K	0.990506329113924	1252 / 1264
ORF1A:L3201F	0.9897151898734177	1251 / 1264
ORF1A:T3090I	0.9889240506329114	1250 / 1264
E:T11A	0.9873417721518988	1248 / 1264
ORF1A:P1640S	0.9881329113924051	1249 / 1264
N:G204R	0.9873417721518988	1248 / 1264
N:S413R	0.9825949367088608	1242 / 1264
S:D796Y	0.9810126582278481	1240 / 1264
M:A63T	0.9802215189873418	1239 / 1264
ORF1A:L3027F	0.9802215189873418	1239 / 1264
ORF1A:S1221L	0.9802215189873418	1239 / 1264
ORF1B:G662S	0.9715189873417721	1228 / 1264
ORF1B:T2163I	0.9659810126582279	1221 / 1264
S:T19I	0.9628164556962026	1217 / 1264
ORF1B:I1566V	0.9588607594936709	1212 / 1264
S:N764K	0.9493670886075949	1200 / 1264
M:Q19E	0.9058544303797469	1145 / 1264
S:T478K	0.8995253164556962	1137 / 1264
ORF1A:DEL3675-3677	0.8987341772151899	1136 / 1264
S:DEL25-27	0.8900316455696202	1125 / 1264
S:D405N	0.8892405063291139	1124 / 1264
S:R346T	0.8868670886075949	1121 / 1264
S:G257S	0.879746835443038	1112 / 1264
S:E484A	0.8789556962025317	1111 / 1264
S:N501Y	0.8789556962025317	1111 / 1264
S:Q498R	0.8789556962025317	1111 / 1264
S:S373P	0.8718354430379747	1102 / 1264
S:Y505H	0.867879746835443	1097 / 1264
S:S371F	0.8662974683544303	1095 / 1264
S:T376A	0.865506329113924	1094 / 1264
S:S375F	0.8647151898734177	1093 / 1264
N:DEL31-33	0.8631329113924051	1091 / 1264
S:N460K	0.8520569620253164	1077 / 1264
S:G446S	0.8481012658227848	1072 / 1264
S:I210V	0.8465189873417721	1070 / 1264
S:F157L	0.8449367088607594	1068 / 1264
S:V213G	0.8417721518987342	1064 / 1264
S:W152R	0.8291139240506329	1048 / 1264
S:N440K	0.8259493670886076	1044 / 1264
S:K147E	0.8109177215189873	1025 / 1264
S:G142D	0.7674050632911392	970 / 1264
S:K417N	0.7618670886075949	963 / 1264
