S:L24S	0.972509702457956	6014 / 6184
N:P13L	0.9975743855109961	6169 / 6184
N:R203K	0.9864165588615783	6100 / 6184
ORF1B:P314L	0.9995148771021992	6181 / 6184
S:N969K	0.9991914618369987	6179 / 6184
S:D614G	0.9990297542043984	6178 / 6184
ORF3A:T223I	0.9987063389391979	6176 / 6184
S:Q954H	0.9988680465717982	6177 / 6184
ORF1B:R1315C	0.9985446313065977	6175 / 6184
M:A63T	0.9980595084087969	6172 / 6184
S:H655Y	0.9980595084087969	6172 / 6184
ORF1A:G1307S	0.9977360931435963	6170 / 6184
ORF1A:P3395H	0.9974126778783958	6168 / 6184
S:N679K	0.9974126778783958	6168 / 6184
E:T9I	0.996927554980595	6165 / 6184
S:P681H	0.9957956015523933	6158 / 6184
ORF1B:M1156I	0.9953104786545925	6155 / 6184
ORF1A:L3829F	0.9946636481241915	6151 / 6184
ORF1A:T3255I	0.994340232858991	6149 / 6184
ORF1B:N1191S	0.994340232858991	6149 / 6184
S:D796Y	0.9941785252263907	6148 / 6184
ORF1A:T3090I	0.9925614489003881	6138 / 6184
ORF1B:Y264H	0.9901358344113842	6123 / 6184
ORF1A:T842I	0.9894890038809832	6119 / 6184
ORF1A:Q556K	0.9888421733505821	6115 / 6184
S:N764K	0.9888421733505821	6115 / 6184
N:E136D	0.9877102199223803	6108 / 6184
N:S413R	0.98754851228978	6107 / 6184
N:G204R	0.9869016817593791	6103 / 6184
ORF1A:S135R	0.9857697283311773	6096 / 6184
S:R346T	0.9844760672703752	6088 / 6184
S:V213G	0.9830206985769728	6079 / 6184
S:G339D	0.9826972833117723	6077 / 6184
S:D405N	0.9822121604139715	6074 / 6184
ORF1B:I1566V	0.9810802069857697	6067 / 6184
S:T19I	0.9801099611901681	6061 / 6184
N:DEL31-33	0.9793014230271668	6056 / 6184
ORF1A:DEL3675-3677	0.9776843467011643	6046 / 6184
S:S373P	0.9750970245795602	6030 / 6184
S:T376A	0.9733182406209573	6019 / 6184
S:S375F	0.9726714100905562	6015 / 6184
S:G142D	0.972509702457956	6014 / 6184
ORF1A:L3027F	0.9723479948253557	6013 / 6184
S:DEL25-27	0.9723479948253557	6013 / 6184
S:E484A	0.9634540750323415	5958 / 6184
S:F486V	0.9634540750323415	5958 / 6184
ORF8:S84L	0.9629689521345407	5955 / 6184
S:S371F	0.9619987063389392	5949 / 6184
S:N501Y	0.9607050452781372	5941 / 6184
S:Y505H	0.9602199223803364	5938 / 6184
S:Q498R	0.9600582147477361	5937 / 6184
S:DEL69-70	0.9586028460543338	5928 / 6184
S:T478K	0.9566623544631306	5916 / 6184
S:L452R	0.9565006468305304	5915 / 6184
S:K444T	0.9560155239327296	5912 / 6184
S:N440K	0.9558538163001293	5911 / 6184
ORF1B:T2163I	0.9552069857697283	5907 / 6184
S:S477N	0.955045278137128	5906 / 6184
S:N460K	0.9539133247089263	5899 / 6184
S:K417N	0.9455045278137129	5847 / 6184
M:Q19E	0.9450194049159121	5844 / 6184
S:R408S	0.9238357050452781	5713 / 6184
M:D3N	0.9045924967658473	5594 / 6184
