S:L24S	0.9784706755753526	5272 / 5388
N:P13L	0.9903489235337788	5336 / 5388
N:R203K	0.984966592427617	5307 / 5388
ORF1A:P3395H	0.9987008166295471	5381 / 5388
ORF1A:G1307S	0.9983296213808464	5379 / 5388
ORF1B:P314L	0.9983296213808464	5379 / 5388
ORF3A:T223I	0.9983296213808464	5379 / 5388
S:H655Y	0.9981440237564959	5378 / 5388
M:A63T	0.9974016332590943	5374 / 5388
ORF1B:R1315C	0.9972160356347439	5373 / 5388
S:N679K	0.9972160356347439	5373 / 5388
S:Q954H	0.9966592427616926	5370 / 5388
E:T9I	0.9964736451373423	5369 / 5388
S:N969K	0.9964736451373423	5369 / 5388
ORF1A:T3255I	0.9957312546399406	5365 / 5388
S:P681H	0.9951744617668894	5362 / 5388
ORF1A:T842I	0.9931328878990349	5351 / 5388
ORF1A:S135R	0.9929472902746845	5350 / 5388
S:D614G	0.9929472902746845	5350 / 5388
ORF1B:M1156I	0.991833704528582	5344 / 5388
S:D796Y	0.9894209354120267	5331 / 5388
ORF1A:L3829F	0.9896065330363771	5332 / 5388
ORF1B:Y264H	0.9892353377876764	5330 / 5388
S:V213G	0.9875649591685226	5321 / 5388
ORF1A:T3090I	0.9870081662954714	5318 / 5388
S:G142D	0.9866369710467706	5316 / 5388
N:G204R	0.9851521900519673	5308 / 5388
ORF1A:Q556K	0.9844097995545658	5304 / 5388
S:T19I	0.9838530066815144	5301 / 5388
N:E136D	0.9832962138084632	5298 / 5388
N:S413R	0.982739420935412	5295 / 5388
S:N764K	0.9808834446919079	5285 / 5388
ORF1A:L3027F	0.9792130660727543	5276 / 5388
S:DEL25-27	0.9784706755753526	5272 / 5388
N:DEL31-33	0.9766146993318485	5262 / 5388
ORF1B:I1566V	0.9753155159613957	5255 / 5388
S:D405N	0.9742019302152932	5249 / 5388
ORF1A:DEL3675-3677	0.9712323682256867	5233 / 5388
M:Q19E	0.965478841870824	5202 / 5388
S:E484A	0.9652932442464737	5201 / 5388
S:F486V	0.9638084632516704	5193 / 5388
S:DEL69-70	0.9628804751299184	5188 / 5388
S:L452R	0.9612100965107646	5179 / 5388
S:T478K	0.9608389012620638	5177 / 5388
S:S477N	0.9602821083890126	5174 / 5388
S:Y505H	0.959539717891611	5170 / 5388
S:N501Y	0.9591685226429102	5168 / 5388
S:Q498R	0.958611729769859	5165 / 5388
S:N440K	0.9574981440237565	5159 / 5388
S:N460K	0.9573125463994061	5158 / 5388
S:S373P	0.956384558277654	5153 / 5388
S:S375F	0.9561989606533037	5152 / 5388
S:T376A	0.9541573867854491	5141 / 5388
S:K444T	0.9487750556792873	5112 / 5388
S:G339D	0.9458054936896808	5096 / 5388
S:S371F	0.944135115070527	5087 / 5388
S:K417N	0.941351150705271	5072 / 5388
M:D3N	0.9333704528582034	5029 / 5388
ORF1B:T2163I	0.930029695619896	5011 / 5388
S:R408S	0.9220489977728286	4968 / 5388
ORF8:S84L	0.9194506310319228	4954 / 5388
