S:L24S	0.9770114942528736	170 / 174
N:R203K	0.9425287356321839	164 / 174
E:T9I	1.0	174 / 174
M:A63T	1.0	174 / 174
ORF1A:P3395H	1.0	174 / 174
ORF1B:P314L	1.0	174 / 174
ORF3A:T223I	1.0	174 / 174
S:D614G	1.0	174 / 174
S:N969K	1.0	174 / 174
S:P251H	1.0	174 / 174
S:Q954H	1.0	174 / 174
N:P13L	0.9942528735632183	173 / 174
ORF1A:G1307S	0.9942528735632183	173 / 174
ORF1A:S135R	0.9942528735632183	173 / 174
ORF1A:T3090I	0.9942528735632183	173 / 174
ORF1A:T3255I	0.9942528735632183	173 / 174
ORF1A:T842I	0.9942528735632183	173 / 174
ORF1B:I1566V	0.9942528735632183	173 / 174
ORF1B:R1315C	0.9942528735632183	173 / 174
S:D405N	0.9942528735632183	173 / 174
S:H655Y	0.9942528735632183	173 / 174
ORF1A:L3027F	0.9885057471264368	172 / 174
ORF1B:T1050N	0.9885057471264368	172 / 174
ORF8:S84L	0.9885057471264368	172 / 174
S:G142D	0.9885057471264368	172 / 174
N:S413R	0.9827586206896551	171 / 174
ORF1A:DEL3675-3677	0.9827586206896551	171 / 174
S:D796Y	0.9827586206896551	171 / 174
S:N679K	0.9827586206896551	171 / 174
S:P681H	0.9827586206896551	171 / 174
S:R1014K	0.9827586206896551	171 / 174
S:V213G	0.9827586206896551	171 / 174
S:N764K	0.9770114942528736	170 / 174
S:T19I	0.9770114942528736	170 / 174
S:DEL25-27	0.9712643678160919	169 / 174
ORF1B:T2163I	0.9655172413793104	168 / 174
S:F486V	0.9655172413793104	168 / 174
S:N501Y	0.9655172413793104	168 / 174
S:G339D	0.9597701149425287	167 / 174
S:Q498R	0.9597701149425287	167 / 174
S:S477N	0.9597701149425287	167 / 174
S:T478K	0.9597701149425287	167 / 174
S:Y505H	0.9597701149425287	167 / 174
S:DEL69-70	0.9540229885057471	166 / 174
S:E484A	0.9540229885057471	166 / 174
S:L452R	0.9540229885057471	166 / 174
S:R408S	0.9482758620689655	165 / 174
S:S371F	0.9482758620689655	165 / 174
S:S373P	0.9482758620689655	165 / 174
N:G204R	0.9425287356321839	164 / 174
S:K417N	0.9425287356321839	164 / 174
S:S375F	0.9367816091954023	163 / 174
S:T376A	0.9310344827586207	162 / 174
S:N440K	0.9252873563218391	161 / 174
N:DEL31-33	0.9137931034482759	159 / 174
M:Q19E	0.9022988505747126	157 / 174
M:D3N	0.7816091954022989	136 / 174
