ORF6:D61L	0.9855334538878843	545 / 553
S:L24S	0.9113924050632911	504 / 553
N:R203K	0.9927667269439421	549 / 553
S:G339H	0.945750452079566	523 / 553
ORF1A:P3395H	0.9963833634719711	551 / 553
E:T9I	0.9981916817359855	552 / 553
ORF3A:T223I	0.9981916817359855	552 / 553
ORF1B:R1315C	0.9963833634719711	551 / 553
S:D614G	0.9963833634719711	551 / 553
S:H655Y	0.9963833634719711	551 / 553
S:N679K	0.9963833634719711	551 / 553
S:P681H	0.9963833634719711	551 / 553
E:T11A	0.9945750452079566	550 / 553
ORF1A:G1307S	0.9945750452079566	550 / 553
ORF1A:S135R	0.9945750452079566	550 / 553
ORF1B:P314L	0.9945750452079566	550 / 553
N:G204R	0.9927667269439421	549 / 553
ORF1A:T842I	0.9927667269439421	549 / 553
S:N969K	0.9927667269439421	549 / 553
S:Q954H	0.9909584086799277	548 / 553
ORF1A:T3255I	0.9873417721518988	546 / 553
ORF1A:L3201F	0.9855334538878843	545 / 553
N:P13L	0.9837251356238698	544 / 553
ORF1A:P1640S	0.9837251356238698	544 / 553
ORF1A:T3090I	0.9819168173598554	543 / 553
S:D796Y	0.9837251356238698	544 / 553
N:S413R	0.9819168173598554	543 / 553
ORF1A:N4060S	0.9801084990958409	542 / 553
ORF8:S84L	0.976491862567812	540 / 553
S:E484A	0.972875226039783	538 / 553
S:S477N	0.972875226039783	538 / 553
ORF1A:L3027F	0.969258589511754	536 / 553
S:T478K	0.9674502712477396	535 / 553
S:F486S	0.9638336347197106	533 / 553
S:T19I	0.9602169981916817	531 / 553
ORF1B:I1566V	0.9584086799276673	530 / 553
ORF1A:S1221L	0.9566003616636528	529 / 553
S:S373P	0.9566003616636528	529 / 553
S:S375F	0.9566003616636528	529 / 553
ORF1B:T2163I	0.9547920433996383	528 / 553
S:D405N	0.9529837251356239	527 / 553
S:G257S	0.9511754068716094	526 / 553
S:N501Y	0.9511754068716094	526 / 553
S:Q498R	0.9511754068716094	526 / 553
S:T376A	0.9511754068716094	526 / 553
ORF1B:G662S	0.9493670886075949	525 / 553
S:Y505H	0.9493670886075949	525 / 553
M:A63T	0.945750452079566	523 / 553
S:R346T	0.9385171790235082	519 / 553
S:S371F	0.9385171790235082	519 / 553
S:N764K	0.9330922242314648	516 / 553
M:Q19E	0.9294755877034359	514 / 553
ORF1A:DEL3675-3677	0.9294755877034359	514 / 553
S:V213G	0.9204339963833634	509 / 553
S:K147E	0.9222423146473779	510 / 553
S:I210V	0.918625678119349	508 / 553
S:W152R	0.9150090415913201	506 / 553
S:F157L	0.9150090415913201	506 / 553
S:DEL25-27	0.9113924050632911	504 / 553
N:DEL31-33	0.9023508137432188	499 / 553
S:G142D	0.8987341772151899	497 / 553
S:N460K	0.8987341772151899	497 / 553
S:G446S	0.895117540687161	495 / 553
S:N440K	0.8878842676311031	491 / 553
S:K417N	0.8698010849909584	481 / 553
S:R408S	0.8589511754068716	475 / 553
