N:R203K	1.0	330 / 330
N:G204R	1.0	330 / 330
S:D614G	1.0	330 / 330
S:T716I	1.0	330 / 330
ORF1A:T1246I	0.996969696969697	329 / 330
ORF1B:P314L	0.9939393939393939	328 / 330
ORF8:S84L	0.9939393939393939	328 / 330
N:P13L	0.9878787878787879	326 / 330
ORF1A:E102K	0.9878787878787879	326 / 330
S:H655Y	0.9818181818181818	324 / 330
S:D215G	0.9696969696969697	320 / 330
S:R190S	0.9696969696969697	320 / 330
N:Q384H	0.9666666666666667	319 / 330
ORF1A:DEL3675-3677	0.9636363636363636	318 / 330
ORF1A:G3278S	0.9424242424242424	311 / 330
S:N679K	0.9272727272727272	306 / 330
S:P9L	0.9212121212121213	304 / 330
M:I82T	0.9181818181818182	303 / 330
S:C136F	0.9121212121212121	301 / 330
S:T859N	0.9090909090909091	300 / 330
S:DEL243-244	0.8909090909090909	294 / 330
S:E484K	0.8818181818181818	291 / 330
E:L21I	0.8787878787878788	290 / 330
S:Y449H	0.8787878787878788	290 / 330
ORF3A:DEL255-256	0.8636363636363636	285 / 330
S:N501Y	0.8636363636363636	285 / 330
S:DEL144-144	0.8515151515151516	281 / 330
