N:R203K	0.9964365256124722	2237 / 2245
ORF8:S84L	1.0	2245 / 2245
N:G204R	0.9977728285077951	2240 / 2245
ORF1A:T1246I	0.9977728285077951	2240 / 2245
ORF1A:D3222N	0.9942093541202672	2232 / 2245
ORF1B:P314L	0.9946547884187082	2233 / 2245
ORF1A:L3691S	0.9915367483296214	2226 / 2245
ORF1A:D2980N	0.9906458797327394	2224 / 2245
S:A899S	0.9893095768374165	2221 / 2245
S:D614G	0.9884187082405346	2219 / 2245
S:R346S	0.9875278396436525	2217 / 2245
N:G212V	0.9866369710467706	2215 / 2245
ORF1B:D1028Y	0.9848552338530067	2211 / 2245
ORF1A:S3687L	0.9795100222717149	2199 / 2245
S:Q677H	0.9795100222717149	2199 / 2245
S:L452R	0.977728285077951	2195 / 2245
S:W152R	0.9728285077951002	2184 / 2245
M:I82T	0.9714922048997773	2181 / 2245
ORF1A:E102K	0.9692650334075724	2176 / 2245
ORF1A:T4090I	0.9665924276169265	2170 / 2245
ORF1A:P2287S	0.9634743875278396	2163 / 2245
ORF1A:G3278S	0.9630289532293986	2162 / 2245
ORF7B:A43S	0.9576837416481069	2150 / 2245
S:S12F	0.9456570155902004	2123 / 2245
ORF1A:A859V	0.9425389755011135	2116 / 2245
ORF1A:D1639N	0.9407572383073497	2112 / 2245
S:DEL69-70	0.7915367483296214	1777 / 2245
