S:L24S	0.9887640449438202	264 / 267
N:R203K	0.9662921348314607	258 / 267
N:P13L	1.0	267 / 267
N:S413R	1.0	267 / 267
ORF1A:G1307S	1.0	267 / 267
ORF1A:P3395H	1.0	267 / 267
ORF1A:T3255I	1.0	267 / 267
ORF1B:P314L	1.0	267 / 267
ORF1B:R1315C	1.0	267 / 267
ORF3A:T223I	1.0	267 / 267
E:T9I	0.9962546816479401	266 / 267
M:A63T	0.9962546816479401	266 / 267
ORF1B:T1050N	0.9962546816479401	266 / 267
ORF3A:L108V	0.9962546816479401	266 / 267
S:H655Y	0.9962546816479401	266 / 267
ORF1A:DEL3675-3677	0.9925093632958801	265 / 267
ORF1A:S1520F	0.9925093632958801	265 / 267
ORF1A:T842I	0.9925093632958801	265 / 267
S:G142D	0.9925093632958801	265 / 267
S:N969K	0.9925093632958801	265 / 267
S:Q954H	0.9925093632958801	265 / 267
ORF1A:S135R	0.9887640449438202	264 / 267
ORF1A:T3090I	0.9887640449438202	264 / 267
S:D614G	0.9887640449438202	264 / 267
N:DEL31-33	0.9850187265917603	263 / 267
S:DEL25-27	0.9850187265917603	263 / 267
S:N679K	0.9850187265917603	263 / 267
S:P681H	0.9850187265917603	263 / 267
ORF1B:I1566V	0.9812734082397003	262 / 267
S:D796Y	0.9812734082397003	262 / 267
S:DEL69-70	0.9812734082397003	262 / 267
S:T19I	0.9812734082397003	262 / 267
ORF1A:L3027F	0.9775280898876404	261 / 267
ORF1B:T2163I	0.9775280898876404	261 / 267
ORF8:S84L	0.9775280898876404	261 / 267
S:V213G	0.9775280898876404	261 / 267
N:G204R	0.9700374531835206	259 / 267
S:N764K	0.9588014981273408	256 / 267
M:Q19E	0.9325842696629213	249 / 267
S:D405N	0.9101123595505618	243 / 267
S:E484A	0.9101123595505618	243 / 267
S:F486V	0.9063670411985019	242 / 267
S:G339D	0.9063670411985019	242 / 267
S:K444M	0.9026217228464419	241 / 267
S:S477N	0.9026217228464419	241 / 267
S:T478K	0.9026217228464419	241 / 267
S:K417N	0.8951310861423221	239 / 267
S:L452R	0.8913857677902621	238 / 267
S:N440K	0.8913857677902621	238 / 267
S:R408S	0.8876404494382022	237 / 267
S:S373P	0.8838951310861424	236 / 267
S:S375F	0.8838951310861424	236 / 267
S:Y505H	0.8838951310861424	236 / 267
S:T376A	0.8801498127340824	235 / 267
S:N501Y	0.8764044943820225	234 / 267
S:Q498R	0.8764044943820225	234 / 267
S:S371F	0.8689138576779026	232 / 267
M:D3N	0.8576779026217228	229 / 267
