S:E156G	0.9182340285621153	4059284 / 4420751
S:D614G	0.9971556868957333	4408177 / 4420751
ORF8:S84L	0.9961049604467657	4403532 / 4420751
ORF3A:S26L	0.9954093772754901	4400457 / 4420751
S:P681R	0.9947090437801179	4397361 / 4420751
ORF1B:P314L	0.9936386374170362	4392629 / 4420751
M:I82T	0.992923148125737	4389466 / 4420751
ORF1B:P1000L	0.9910089937207501	4381004 / 4420751
N:R203M	0.9882513174797676	4368813 / 4420751
S:T19R	0.983949107289689	4349794 / 4420751
N:D377Y	0.9796729107791866	4330890 / 4420751
ORF1B:G662S	0.9776472368608863	4321935 / 4420751
S:T478K	0.9728747445852526	4300837 / 4420751
N:D63G	0.9726955895050411	4300045 / 4420751
S:L452R	0.9695619590427056	4286192 / 4420751
ORF8:DEL119-120	0.9633774894808597	4258852 / 4420751
S:D950N	0.9552951523395007	4223122 / 4420751
ORF7A:T120I	0.9513053325102454	4205484 / 4420751
ORF7A:V82A	0.9328415013648134	4123860 / 4420751
S:DEL157-158	0.9188766795506013	4062125 / 4420751
ORF1A:T3646A	0.8997107052625222	3977397 / 4420751
ORF1A:T3255I	0.8979591929063636	3969654 / 4420751
ORF1B:A1918V	0.8991151051031827	3974764 / 4420751
ORF1A:A1306S	0.8952447219940685	3957654 / 4420751
ORF1A:V2930L	0.897229452642775	3966428 / 4420751
N:G215C	0.8912331863975148	3939920 / 4420751
ORF7B:T40I	0.8864595630923343	3918817 / 4420751
ORF1A:P2046L	0.8792221050224271	3886822 / 4420751
ORF1A:P2287S	0.8738598939410973	3863117 / 4420751
