N:S2Y	0.9589645831243102	9558 / 9967
ORF1B:P314F	0.9897662285542289	9865 / 9967
S:D614G	0.9967894050366208	9935 / 9967
ORF8:S84L	0.9953847697401424	9921 / 9967
S:Q677H	0.9926758302397913	9894 / 9967
M:I82T	0.991271194943313	9880 / 9967
ORF1A:T2007I	0.9812380856827531	9780 / 9967
S:F888L	0.9780274907193739	9748 / 9967
S:E484K	0.9732115982743053	9700 / 9967
N:A12G	0.9646834554028293	9615 / 9967
ORF6:DEL2-3	0.9561553125313534	9530 / 9967
S:A67V	0.9555533259757198	9524 / 9967
N:DEL3-3	0.9531453797531855	9500 / 9967
ORF1A:DEL3675-3677	0.9433129326778369	9402 / 9967
S:DEL144-144	0.9319755192134043	9289 / 9967
S:DEL69-70	0.9303702217317147	9273 / 9967
N:T205I	0.9233470452493228	9203 / 9967
S:Q52R	0.8736831544095515	8708 / 9967
E:L21F	0.8490017056285742	8462 / 9967
