N:R203K	0.9480417795455613	121082 / 127718
S:D614G	0.99646095303716	127266 / 127718
ORF1B:E1264D	0.9961242737906951	127223 / 127718
ORF8:S84L	0.9958424027936548	127187 / 127718
ORF1A:K1795Q	0.9952238525501496	127108 / 127718
ORF1B:P314L	0.9933290530700449	126866 / 127718
N:P80R	0.9922876963309792	126733 / 127718
ORF3A:S253P	0.9892419236129598	126344 / 127718
S:H655Y	0.9893593698617266	126359 / 127718
ORF8:E92K	0.988975712115755	126310 / 127718
S:V1176F	0.9864936813918164	125993 / 127718
ORF1A:S1188L	0.9846458604112185	125757 / 127718
S:T20N	0.9807231557024069	125256 / 127718
S:L18F	0.9797600964625189	125133 / 127718
S:P26S	0.9779122754819211	124897 / 127718
S:T1027I	0.9775051284861962	124845 / 127718
ORF1A:DEL3675-3677	0.963685619881301	123080 / 127718
S:K417T	0.9598333829217495	122588 / 127718
S:D138Y	0.9579542429414805	122348 / 127718
S:N501Y	0.9554174039681173	122024 / 127718
S:E484K	0.953029330243192	121719 / 127718
N:G204R	0.9526456724972204	121670 / 127718
S:R190S	0.9358821779232371	119529 / 127718
