ORF1A:T265I	0.9950840288098777	43520 / 43735
S:D614G	0.9965702526580542	43585 / 43735
ORF3A:Q57H	0.9941236995541328	43478 / 43735
ORF1A:L3201P	0.9927060706527953	43416 / 43735
ORF1B:P314L	0.9919515262375672	43383 / 43735
S:T95I	0.9892077283640105	43263 / 43735
ORF8:S84L	0.9881330741968675	43216 / 43735
ORF3A:P42L	0.9820281239282039	42949 / 43735
S:D253G	0.9817766091231279	42938 / 43735
ORF1B:Q1011H	0.9796044358065622	42843 / 43735
ORF1A:DEL3675-3677	0.9757402538013034	42674 / 43735
ORF8:T11I	0.9734994855378987	42576 / 43735
S:L5F	0.9629358637247056	42114 / 43735
