S:D614G	0.9973918197984588	8413 / 8435
ORF8:S84L	0.9941908713692946	8386 / 8435
ORF1B:P314L	0.9880260818020155	8334 / 8435
S:P681R	0.9847065797273267	8306 / 8435
ORF3A:S26L	0.9837581505631298	8298 / 8435
ORF1A:T3646A	0.9701244813278008	8183 / 8435
ORF1B:M1352I	0.9670420865441612	8157 / 8435
ORF1A:T1567I	0.9480735032602252	7997 / 8435
N:R203M	0.9422643746295198	7948 / 8435
ORF1B:K2310R	0.9313574392412567	7856 / 8435
S:L452R	0.9208061647895672	7767 / 8435
S:E484Q	0.9121517486662715	7694 / 8435
N:D377Y	0.9004149377593361	7595 / 8435
ORF7A:V82A	0.867575577949022	7318 / 8435
S:Q1071H	0.7784232365145228	6566 / 8435
