S:R246N	0.8148755546980513	8447 / 10366
N:R203K	0.9760756318734324	10118 / 10366
S:D614G	0.9986494308315648	10352 / 10366
ORF8:S84L	0.9972023924368126	10337 / 10366
ORF1A:T3255I	0.9947906617788925	10312 / 10366
ORF1B:P314L	0.9957553540420606	10322 / 10366
ORF1A:F2387V	0.9926683387999228	10290 / 10366
ORF1A:L3201P	0.9921859926683388	10285 / 10366
S:T859N	0.9909318927262203	10272 / 10366
ORF1A:T1246I	0.987169592899865	10233 / 10366
N:P13L	0.9835037622998264	10195 / 10366
N:G214C	0.9823461315840247	10183 / 10366
S:L452Q	0.9791626471155701	10150 / 10366
N:G204R	0.9781014856260852	10139 / 10366
S:F490S	0.9754968165155316	10112 / 10366
S:T76I	0.9754003472892148	10111 / 10366
ORF1A:P2287S	0.9722168628207601	10078 / 10366
ORF1A:DEL3675-3677	0.9586147019100907	9937 / 10366
S:G75V	0.9494501254099942	9842 / 10366
ORF1A:G3278S	0.8918579972988616	9245 / 10366
S:DEL247-253	0.8355199691298476	8661 / 10366
