S:D614G	0.9964830710538866	16717 / 16776
ORF8:S84L	0.9946351931330472	16686 / 16776
ORF3A:Q57H	0.9926680972818311	16653 / 16776
S:P681H	0.9917143538388173	16637 / 16776
ORF1A:T1055A	0.9904029566046734	16615 / 16776
ORF1A:T1538I	0.9855150214592274	16533 / 16776
ORF1A:T3255I	0.9827134000953743	16486 / 16776
ORF8:T11K	0.982653791130186	16485 / 16776
S:R346K	0.9809251311397235	16456 / 16776
ORF8:P38S	0.98068669527897	16452 / 16776
ORF1B:P1342S	0.98068669527897	16452 / 16776
ORF1A:Q3729R	0.9775274201239866	16399 / 16776
N:T205I	0.9746065808297568	16350 / 16776
S:T95I	0.9670958512160229	16224 / 16776
ORF1B:P314L	0.9645326657129232	16181 / 16776
ORF3A:DEL256-257	0.9468884120171673	15885 / 16776
S:N501Y	0.9461134954697187	15872 / 16776
S:E484K	0.9435503099666189	15829 / 16776
S:D950N	0.8862660944206009	14868 / 16776
S:Y145N	0.8521697663328565	14296 / 16776
ORF8:S67F	0.8457916070577015	14189 / 16776
S:Y144S	0.7662136385312351	12854 / 16776
