N:R203K	0.980856111254854	5527185 / 5635062
S:G142D	0.9622023679597491	5422070 / 5635062
S:D614G	0.998259646477714	5625255 / 5635062
S:H655Y	0.9974472330561758	5620677 / 5635062
ORF1B:P314L	0.9969798025292357	5618043 / 5635062
S:N679K	0.9965098875575814	5615395 / 5635062
ORF1A:T3255I	0.9947936686410904	5605724 / 5635062
S:P681H	0.9941326288867807	5601999 / 5635062
S:N969K	0.9942493977883473	5602657 / 5635062
S:Q954H	0.992142056289709	5590782 / 5635062
ORF1A:P3395H	0.9913816387468319	5586497 / 5635062
E:T9I	0.9910913136359458	5584861 / 5635062
S:D796Y	0.9861966026283295	5557279 / 5635062
M:A63T	0.98321952801939	5540503 / 5635062
N:G204R	0.9821173218679758	5534292 / 5635062
N:P13L	0.9780437198383976	5511337 / 5635062
ORF8:S84L	0.9730931088247121	5483440 / 5635062
ORF1B:I1566V	0.9689728347265745	5460222 / 5635062
S:G339D	0.9586946869439946	5402304 / 5635062
M:Q19E	0.9560929409472336	5387643 / 5635062
S:N764K	0.9416686098573538	5306361 / 5635062
S:S373P	0.939252309912473	5292745 / 5635062
S:S375F	0.938193049162547	5286776 / 5635062
N:DEL31-33	0.9374974046425754	5282856 / 5635062
S:T478K	0.9345634528954606	5266323 / 5635062
S:S477N	0.9337950496374308	5261993 / 5635062
S:E484A	0.9335132426227076	5260405 / 5635062
S:N501Y	0.9175583161285537	5170498 / 5635062
S:Y505H	0.9157876168886873	5160520 / 5635062
S:Q498R	0.9141091970239191	5151062 / 5635062
S:K417N	0.8284867140769703	4668574 / 5635062
S:N440K	0.8101866492329632	4565452 / 5635062
