N:R203K	0.9683042789223455	611 / 631
S:H1101Y	0.993660855784469	627 / 631
ORF1A:L3930F	0.9984152139461173	630 / 631
S:D614G	0.9968304278922345	629 / 631
ORF8:S84L	0.9952456418383518	628 / 631
S:E1092K	0.993660855784469	627 / 631
S:P681H	0.993660855784469	627 / 631
ORF1B:P314L	0.9873217115689382	623 / 631
ORF8:K2Q	0.9873217115689382	623 / 631
S:V1176F	0.9857369255150554	622 / 631
ORF1A:D3681E	0.9809825673534073	619 / 631
ORF1B:A1291V	0.9746434231378764	615 / 631
ORF1A:S2625F	0.9683042789223455	611 / 631
ORF1A:D2980N	0.9698890649762282	612 / 631
N:G204R	0.9683042789223455	611 / 631
ORF1A:D1554G	0.9667194928684627	610 / 631
ORF1A:L3201P	0.9255150554675119	584 / 631
S:N501Y	0.8858954041204438	559 / 631
S:E484K	0.8827258320126783	557 / 631
ORF1B:L1203F	0.8129952456418383	513 / 631
