S:L24S	0.9575471698113207	203 / 212
N:R203K	0.9811320754716981	208 / 212
E:T9I	1.0	212 / 212
M:A63T	1.0	212 / 212
N:P13L	1.0	212 / 212
ORF1A:G1307S	1.0	212 / 212
ORF1B:P314L	1.0	212 / 212
ORF1B:R1315C	1.0	212 / 212
ORF3A:T223I	1.0	212 / 212
S:D614G	1.0	212 / 212
S:D796Y	1.0	212 / 212
S:G339D	1.0	212 / 212
S:H655Y	1.0	212 / 212
S:N679K	1.0	212 / 212
S:N969K	1.0	212 / 212
S:P681H	1.0	212 / 212
S:Q954H	1.0	212 / 212
S:S373P	1.0	212 / 212
ORF1A:L3027F	0.9952830188679245	211 / 212
ORF1A:P3395H	0.9952830188679245	211 / 212
ORF1A:T842I	0.9952830188679245	211 / 212
ORF1B:P1452L	0.9952830188679245	211 / 212
S:V213G	0.9952830188679245	211 / 212
N:S413R	0.9905660377358491	210 / 212
ORF1A:L2570M	0.9905660377358491	210 / 212
ORF1B:I1566V	0.9905660377358491	210 / 212
ORF8:S84L	0.9905660377358491	210 / 212
S:L452R	0.9905660377358491	210 / 212
S:S371F	0.9905660377358491	210 / 212
S:T19I	0.9905660377358491	210 / 212
ORF1B:T2163I	0.9858490566037735	209 / 212
S:D405N	0.9858490566037735	209 / 212
S:E484A	0.9858490566037735	209 / 212
S:F486V	0.9858490566037735	209 / 212
S:S375F	0.9858490566037735	209 / 212
S:S477N	0.9858490566037735	209 / 212
S:T376A	0.9858490566037735	209 / 212
S:T478K	0.9858490566037735	209 / 212
N:G204R	0.9811320754716981	208 / 212
ORF1A:S135R	0.9811320754716981	208 / 212
ORF1A:T3255I	0.9811320754716981	208 / 212
S:G142D	0.9811320754716981	208 / 212
S:Y505H	0.9811320754716981	208 / 212
S:K417N	0.9764150943396226	207 / 212
S:N764K	0.9764150943396226	207 / 212
ORF1A:DEL3675-3677	0.9716981132075472	206 / 212
ORF1A:L3201F	0.9716981132075472	206 / 212
S:DEL69-70	0.9716981132075472	206 / 212
S:N501Y	0.9716981132075472	206 / 212
S:R408S	0.9716981132075472	206 / 212
M:Q19E	0.9622641509433962	204 / 212
ORF10:L37F	0.9622641509433962	204 / 212
ORF1A:T3090I	0.9622641509433962	204 / 212
S:DEL25-27	0.9622641509433962	204 / 212
S:Q498R	0.9622641509433962	204 / 212
N:DEL31-33	0.9481132075471698	201 / 212
S:N440K	0.9150943396226415	194 / 212
M:D3N	0.8349056603773585	177 / 212
