S:L24S	0.9340659340659341	85 / 91
N:R203K	0.978021978021978	89 / 91
M:A63T	1.0	91 / 91
N:P13L	1.0	91 / 91
N:S413R	1.0	91 / 91
ORF1A:G1307S	1.0	91 / 91
ORF1A:L3201F	1.0	91 / 91
ORF1A:S135R	1.0	91 / 91
ORF1A:T3090I	1.0	91 / 91
ORF1A:T3255I	1.0	91 / 91
ORF1A:T842I	1.0	91 / 91
ORF1B:P314L	1.0	91 / 91
ORF1B:R1315C	1.0	91 / 91
ORF1B:V1271L	1.0	91 / 91
ORF3A:T223I	1.0	91 / 91
ORF8:S84L	1.0	91 / 91
S:D614G	1.0	91 / 91
S:D796Y	1.0	91 / 91
S:H655Y	1.0	91 / 91
S:N679K	1.0	91 / 91
S:N969K	1.0	91 / 91
S:P681H	1.0	91 / 91
S:Q954H	1.0	91 / 91
S:V213G	1.0	91 / 91
E:T9I	0.989010989010989	90 / 91
ORF1A:P3395H	0.989010989010989	90 / 91
S:DEL69-70	0.989010989010989	90 / 91
S:G142D	0.989010989010989	90 / 91
M:Q19E	0.978021978021978	89 / 91
N:DEL31-33	0.978021978021978	89 / 91
N:G204R	0.978021978021978	89 / 91
ORF1A:DEL3675-3677	0.978021978021978	89 / 91
ORF1A:L3027F	0.978021978021978	89 / 91
S:G339D	0.978021978021978	89 / 91
S:S373P	0.978021978021978	89 / 91
ORF1B:I1566V	0.967032967032967	88 / 91
S:E484A	0.967032967032967	88 / 91
S:N764K	0.967032967032967	88 / 91
S:S371F	0.967032967032967	88 / 91
S:S375F	0.967032967032967	88 / 91
S:S477N	0.967032967032967	88 / 91
S:T19I	0.967032967032967	88 / 91
S:T478K	0.967032967032967	88 / 91
ORF1A:S2114F	0.9560439560439561	87 / 91
ORF1B:T2163I	0.945054945054945	86 / 91
S:L452R	0.945054945054945	86 / 91
S:Y505H	0.945054945054945	86 / 91
S:D405N	0.9340659340659341	85 / 91
S:DEL25-27	0.9340659340659341	85 / 91
M:D3N	0.9230769230769231	84 / 91
S:F486V	0.9230769230769231	84 / 91
S:K417N	0.9230769230769231	84 / 91
S:N501Y	0.9230769230769231	84 / 91
S:Q498R	0.9120879120879121	83 / 91
S:T376A	0.9120879120879121	83 / 91
S:R408S	0.9010989010989011	82 / 91
S:N440K	0.8681318681318682	79 / 91
