S:L24S	0.9678171641791045	2075 / 2144
N:R203K	0.9785447761194029	2098 / 2144
ORF1A:P3395H	1.0	2144 / 2144
N:P13L	0.9981343283582089	2140 / 2144
S:H655Y	0.9995335820895522	2143 / 2144
ORF1A:G1307S	0.9990671641791045	2142 / 2144
ORF3A:T223I	0.9990671641791045	2142 / 2144
S:D614G	0.9990671641791045	2142 / 2144
ORF1B:R1315C	0.9986007462686567	2141 / 2144
S:N679K	0.9976679104477612	2139 / 2144
S:N969K	0.9972014925373134	2138 / 2144
S:Q954H	0.9967350746268657	2137 / 2144
ORF1A:T842I	0.996268656716418	2136 / 2144
ORF1B:P314L	0.9958022388059702	2135 / 2144
E:T9I	0.9944029850746269	2132 / 2144
ORF1A:P1018S	0.9944029850746269	2132 / 2144
S:P681H	0.9944029850746269	2132 / 2144
S:V213G	0.9925373134328358	2128 / 2144
ORF1A:T3255I	0.9911380597014925	2125 / 2144
ORF1A:DEL3675-3677	0.9906716417910447	2124 / 2144
S:D796Y	0.9906716417910447	2124 / 2144
N:S413R	0.9902052238805971	2123 / 2144
ORF1B:I1566V	0.9864738805970149	2115 / 2144
ORF1A:S135R	0.9855410447761194	2113 / 2144
S:G339D	0.9841417910447762	2110 / 2144
M:A63T	0.9822761194029851	2106 / 2144
N:G204R	0.9818097014925373	2105 / 2144
ORF1A:L3027F	0.9799440298507462	2101 / 2144
N:DEL31-33	0.9780783582089553	2097 / 2144
ORF1A:T3090I	0.9776119402985075	2096 / 2144
S:D405N	0.9776119402985075	2096 / 2144
S:DEL69-70	0.9776119402985075	2096 / 2144
ORF1B:T2163I	0.9757462686567164	2092 / 2144
S:S373P	0.9748134328358209	2090 / 2144
ORF8:S84L	0.9734141791044776	2087 / 2144
S:DEL25-27	0.9734141791044776	2087 / 2144
S:S375F	0.9729477611940298	2086 / 2144
S:T19I	0.9729477611940298	2086 / 2144
S:G142D	0.9692164179104478	2078 / 2144
S:T376A	0.9682835820895522	2076 / 2144
S:S371F	0.9659514925373134	2071 / 2144
S:N764K	0.9631529850746269	2065 / 2144
S:E484A	0.9594216417910447	2057 / 2144
S:T478K	0.9580223880597015	2054 / 2144
S:S477N	0.9575559701492538	2053 / 2144
S:F486V	0.9552238805970149	2048 / 2144
ORF1A:A656V	0.9552238805970149	2048 / 2144
M:Q19E	0.9538246268656716	2045 / 2144
S:Y505H	0.9510261194029851	2039 / 2144
S:N501Y	0.9496268656716418	2036 / 2144
S:Q498R	0.9444962686567164	2025 / 2144
S:K417N	0.9407649253731343	2017 / 2144
S:L452R	0.9384328358208955	2012 / 2144
S:R408S	0.9146455223880597	1961 / 2144
M:D3N	0.909981343283582	1951 / 2144
S:N440K	0.8875932835820896	1903 / 2144
